team,distance,duration,timestamp,seconds_moving,5km_time,leg_number_for_team,Elevation,Penalty,
Twelve Kitties,5029.6,1199,1/5/2020 0:21,1199,1191.943693,1,,,
MMI Adventure Racing,5112.5,1341,1/5/2020 0:26,1341,1314.425428,1,,,
Unicorn Trail Team 1,5054.1,1623,1/5/2020 0:32,1623,1605.627115,1,,,
MMI Adventure Racing,5047.3,1423,1/5/2020 1:02,1423,1409.664573,2,,,
Twelve Kitties,5149,1831,1/5/2020 1:12,1831,1778.015149,2,,,
Twelve Kitties,5045.8,1333,1/5/2020 1:41,1333,1329.818859,3,,,
Twelve Kitties,5024.7,1529,1/5/2020 2:26,1529,1531.434713,4,,,
Twelve Kitties,5218.3,1480,1/5/2020 3:17,1480,1418.08635,5,,,
Twelve Kitties,5207.4,1502,1/5/2020 4:04,1502,1442.178438,6,,,
MS/MR,5038,1435,1/5/2020 4:04,1435,1696.109567,1,,,
MS/MR,5141.8,1488,1/5/2020 4:38,1488,1482.943716,2,,,
MS/MR,5010,1538,1/5/2020 5:08,1538,1534.93014,3,,,
Twelve Kitties,5031,1472,1/5/2020 5:39,1472,1462.929835,7,,,
Unicorn Trail Team 1,5010.8,1456,1/5/2020 5:55,1456,1460.844576,2,,,
Straight Outta Stompton,5010.5,1282,1/5/2020 6:06,1282,1279.313442,1,,,
Twelve Kitties,5097,1688,1/5/2020 6:16,1688,1662.74279,8,,,
MS/MR,5051.4,1395,1/5/2020 6:16,1395,1406.540761,4,,,
WhorunstheworldGIRLS,5039.3,1712,1/5/2020 6:27,1712,1715.516044,1,,,
Asante sana squash banana,5042.9,1436,1/5/2020 6:32,1436,1438.656329,1,,,
Twelve Kitties,5184.4,1690,1/5/2020 6:51,1690,1629.889669,9,,,
The Sensei Garys,5105.2,2037,1/5/2020 6:51,2037,2514.103267,1,,,
Unicorn Trail Team 1,5453.6,1850,1/5/2020 7:12,1850,1696.127329,3,,,
Poko Fish,5127.7,2239,1/5/2020 7:17,2239,2220.293699,1,,,
Straight Outta Stompton,5016.6,1414,1/5/2020 7:27,1414,1409.321054,2,,,
Footpussys,14279,4248,1/5/2020 7:27,4248,1526.367393,1,,,
Twelve Kitties,5026.4,1247,1/5/2020 7:33,1247,1240.450422,10,,,
MMI Adventure Racing,5034.5,1685,1/5/2020 7:51,1685,1760.850134,3,,,
The Sensei Garys,5018.2,1822,1/5/2020 7:51,1822,2017.655733,2,,,
Unicorn Trail Team 1,5127.9,1589,1/5/2020 7:56,1589,1553.267419,4,,,
Twelve Kitties,5035.3,1933,1/5/2020 8:16,1933,1919.448692,11,,,
Unicorn Trail Team 1,5778.8,1987,1/5/2020 8:37,1987,1723.54122,5,,,
Twelve Kitties,6565.5,1941,1/5/2020 8:52,1941,1488.081639,12,,,
The Sensei Garys,5580.5,2085,1/5/2020 8:52,2085,1917.390915,3,,,
MS/MR,5008.1,1896,1/5/2020 9:23,1896,2051.676284,5,,,
Twelve Kitties,5158.4,1526,1/5/2020 9:33,1526,1498.526675,13,,,
Unicorn Trail Team 1,5006.5,1808,1/5/2020 9:37,1808,1808.648757,6,,,
WhorunstheworldGIRLS,7040.9,2625,1/5/2020 9:47,2625,1901.035379,2,,,
Twelve Kitties,5098.8,1436,1/5/2020 10:07,1436,1538.597317,14,,,
Unicorn Trail Team 1,5016,1680,1/5/2020 10:17,1680,1794.258373,7,,,
WhorunstheworldGIRLS,5014.4,1896,1/5/2020 11:00,1896,1928.446075,3,,,
The Sensei Garys,5125.6,2070,1/5/2020 11:28,2070,2026.104261,4,,,
MS/MR,5112.9,1428,1/5/2020 11:33,1428,1399.401514,6,,,
The Phoebe Buffay Running Club,5004.6,1487,1/5/2020 11:53,1487,1485.633217,1,,,
WhorunstheworldGIRLS,5026.3,1772,1/5/2020 11:57,1772,1762.72805,4,,,
MS/MR,5008.2,1522,1/5/2020 12:37,1522,1519.508007,7,,,
MS/MR,5141.7,1401,1/5/2020 13:16,1401,1362.389871,8,,,
Unicorn Trail Team 1,5000,1500,1/5/2020 13:48,1500,1500,8,,,
Coodows,5035.6,1258,1/5/2020 13:54,1258,1252.085154,1,,,
Twelve Kitties,5028.6,1522,1/5/2020 15:00,1522,1517.320924,15,,,
Unicorn Trail Team 1,5037,1185,1/5/2020 15:50,1185,1176.295414,9,,,
MS/MR,5020.3,1436,1/5/2020 15:56,1436,1446.128717,9,,,
Asante sana squash banana,5038.8,2068,1/5/2020 16:21,2068,2068.944987,2,,,
Twelve Kitties,5063,1280,1/5/2020 16:26,1280,1265.060241,16,,,
MS/MR,5156.7,1521,1/5/2020 16:32,1521,1499.020692,10,,,
Unicorn Trail Team 1,5030.8,1734,1/5/2020 16:42,1734,1839.667647,10,,,
The Sensei Garys,5000,1652,1/5/2020 16:47,1652,1652,5,,,
Twelve Kitties,5138.3,1530,1/5/2020 16:59,1530,1488.819259,17,,,
Unicorn Trail Team 1,5045.5,1471,1/5/2020 17:15,1471,1457.734615,11,,,
Twelve Kitties,5033.3,1447,1/5/2020 17:30,1447,1437.426738,18,,,
Unicorn Trail Team 1,5299.4,1557,1/5/2020 17:50,1557,1469.03423,12,,,
Twelve Kitties,5023.2,1200,1/5/2020 17:55,1200,1194.457716,19,,,
MMI Adventure Racing,6114,1958,1/5/2020 18:01,1958,1601.243049,4,,,
Poko Fish,5360.4,3277,1/5/2020 18:17,3277,3217.110663,2,,,
Straight Outta Stompton,5043.5,1298,1/5/2020 18:22,1298,1286.804798,3,,,
Unicorn Trail Team 1,5584.9,1589,1/5/2020 18:32,1589,1422.585901,13,,,
Twelve Kitties,5043.2,1895,1/5/2020 18:32,1895,1878.767449,20,,,
Straight Outta Stompton,5005,1546,1/5/2020 18:53,1546,1544.455544,4,,,
Twelve Kitties,5034.8,1388,1/5/2020 19:12,1388,1378.406292,21,,,
MS/MR,5008.8,1765,1/5/2020 19:12,1765,1765.89203,11,,,
Unicorn Trail Team 1,5083.5,1595,1/5/2020 19:12,1595,1573.718894,14,,,
MMI Adventure Racing,5045.5,1762,1/5/2020 19:43,1762,1749.083342,5,,,
MS/MR,5192.8,1532,1/5/2020 19:48,1532,1484.748113,12,,,
Coodows,5030.2,1510,1/5/2020 19:48,1510,1500.934356,2,,,
Twelve Kitties,5215.4,1513,1/5/2020 19:48,1513,1460.098938,22,,,
Unicorn Trail Team 1,6032.9,2085,1/5/2020 19:57,2085,1728.024665,15,,,
Coodows,5126.5,1343,1/5/2020 20:22,1343,1309.860529,3,,,
Twelve Kitties,5060.6,1401,1/5/2020 20:22,1401,1416.828044,23,,,
Unicorn Trail Team 1,5002.3,2242,1/5/2020 20:46,2242,2388.901105,16,,,
Twelve Kitties,5014.8,1236,1/5/2020 20:51,1236,1232.352237,24,,,
Twelve Kitties,5035.7,1314,1/5/2020 21:16,1314,1305.677463,25,,,
Unicorn Trail Team 1,5018,1688,1/5/2020 21:22,1688,1689.916301,17,,,
Coodows,5022.4,1458,1/5/2020 21:26,1458,1451.497292,4,,,
Twelve Kitties,5088.1,1607,1/5/2020 21:49,1607,1579.174938,26,,,
MMI Adventure Racing,5021.1,1461,1/5/2020 21:54,1461,1454.860489,6,,,
Unicorn Trail Team 1,5165,1644,1/5/2020 21:56,1644,1593.417231,18,,,
Twelve Kitties,5073.4,1421,1/5/2020 22:24,1421,1400.441519,27,,,
Unicorn Trail Team 1,5039,1514,1/5/2020 22:28,1514,1534.034531,19,,,
Coodows,5111.4,29592:00:00,1/5/2020 22:40,1233,1211.996713,5,,,
MMI Adventure Racing,5097.9,0:00:00,1/5/2020 22:40,1887,1887.051531,7,,,
Unicorn Trail Team 1,5025.5,0:00:00,1/5/2020 22:59,1396,1388.916526,20,,,
Twelve Kitties,5036.9,0:00:00,1/5/2020 22:59,1295,1285.512915,28,,,
Twelve Kitties,5057,0:00:00,1/5/2020 23:36,2014,1994.265375,29,,,
Twelve Kitties,5085.8,0:00:00,2/5/2020 0:06,1498,1498.289355,30,,,
Twelve Kitties,5015.6,0:00:00,2/5/2020 0:38,1557,1552.157269,31,,,
Twelve Kitties,5321.9,0:00:00,2/5/2020 1:12,1480,1399.875984,32,,,
MS/MR,5010,36432:00:00,2/5/2020 5:12,1518,1514.97006,13,,,
MS/MR,5110.1,1714,2/5/2020 5:50,1714,1694.683079,14,,,
Straight Outta Stompton,8258.8,2567,2/5/2020 6:09,2567,1554.099869,5,,,
MS/MR,5000.1,0:00:00,2/5/2020 6:33,2130,2162.956741,15,,,
The Sensei Garys,5022.7,0:00:00,2/5/2020 6:43,1604,1599.737193,6,,,
Unicorn Trail Team 1,5021.8,0:00:00,2/5/2020 7:13,1611,1604.006532,21,,,
MS/MR,5134.5,0:00:00,2/5/2020 7:23,1494,1460.706982,16,,,
Straight Outta Stompton,5015.7,0:00,2/5/2020 7:49,1708,1704.647407,6,,,
WhorunstheworldGIRLS,5709.1,0:00,2/5/2020 7:49,2516,2213.133419,5,,,
Unicorn Trail Team 1,5012,0:00,2/5/2020 7:54,1446,1453.511572,22,,,
Twelve Kitties,5028.6,0:00,1/5/2020 15:00,1522,1517.320924,33,,,
MS/MR,5016,0:00,2/5/2020 7:59,1503,1503.189793,17,,,
Coodows,5200.5,1523,2/5/2020 8:00,1523,1464.282281,6,,,
Twelve Kitties,5033.5,1363,2/5/2020 8:12,1363,1365.848813,34,,,
Footpussys,14279,4248,1/5/2020 7:27,4248,1526.367393,2,,,
Unicorn Trail Team 1,5632.1,1715,2/5/2020 8:28,1715,1522.522682,23,,,
MS/MR,5108.1,1550,2/5/2020 8:28,1550,1531.880738,18,,,
Footpussys,5262,1375,2/5/2020 8:37,1375,1306.537438,3,,,
Straight Outta Stompton,5140.4,34560:00:00,2/5/2020 8:42,1440,1400.669209,7,,,
Poko Fish,5026.2,0:00:00,2/5/2020 8:42,3764,5822.490152,3,,,
MMI Adventure Racing,5092,0:00:00,2/5/2020 8:47,1561,1541.633936,8,,,
Twelve Kitties,5084.6,0:00:00,2/5/2020 8:47,1532,1506.509853,35,,,
Unicorn Trail Team 1,5206.4,0:00:00,2/5/2020 9:07,1897,1871.734788,24,,,
The Sensei Garys,5111.4,1898,2/5/2020 9:07,1898,1868.372657,7,,,
Straight Outta Stompton,5005,1517,2/5/2020 9:12,1517,1515.484515,8,,,
Footpussys,5029.1,1554,2/5/2020 9:12,1554,1545.008053,4,,,
MS/MR,5004.6,1878,2/5/2020 9:12,1878,1886.264637,19,,,
Footpussys,5024.5,1441,2/5/2020 9:46,1441,1433.97353,5,,,
Unicorn Trail Team 1,5605.2,1996,2/5/2020 9:46,1996,1785.841718,25,,,
Straight Outta Stompton,5012.6,34200:00:00,2/5/2020 9:50,1425,1421.418027,9,,,
Twelve Kitties,5059.2,0:00:00,2/5/2020 9:50,1462,1444.892473,36,,,
MMI Adventure Racing,5073,0:00:00,2/5/2020 10:04,1387,1373.940469,9,,,
The Sensei Garys,5012.5,0:00:00,2/5/2020 10:08,1458,1480.299252,8,,,
Poko Fish,5114.7,0:00:00,2/5/2020 10:08,1828,1797.759399,4,,,
Asante sana squash banana,5007.3,1768,2/5/2020 10:08,1768,1859.285443,3,,,
Twelve Kitties,5025.8,1264,2/5/2020 10:19,1264,1257.511242,37,,,
MMI Adventure Racing,5184.5,1972,2/5/2020 10:44,1972,1984.762272,10,,,
Asante sana squash banana,5117.3,1885,2/5/2020 10:49,1885,1865.241436,4,,,
Unicorn Trail Team 1,5011.1,1807,2/5/2020 10:49,1807,2129.273014,26,,,
MS/MR,5135.7,1519,2/5/2020 11:00,1519,1517.806725,20,,,
The Phoebe Buffay Running Club,5150.3,35136:00:00,2/5/2020 11:00,1464,1421.27643,2,,,
Twelve Kitties,5059.4,0:00:00,2/5/2020 11:00,1981,1957.742025,38,,,
Poko Fish,5025,0:00:00,2/5/2020 11:09,1802,1802.985075,5,,,
Unicorn Trail Team 1,5007,0:00:00,2/5/2020 11:26,1918,1937.287797,27,,,
Twelve Kitties,5046.3,0:00:00,2/5/2020 11:31,1620,1608.108911,39,,,
Asante sana squash banana,5035.6,1641,2/5/2020 11:31,1641,1659.186591,5,,,
Unicorn Trail Team 1,5013.8,1542,2/5/2020 11:56,1542,1544.736527,28,,,
Twelve Kitties,5475.1,1643,2/5/2020 12:06,1643,1500.429216,40,,,
The Phoebe Buffay Running Club,5098.8,1623,2/5/2020 12:17,1623,1591.550953,3,,,
Asante sana squash banana,5055.4,1463,2/5/2020 12:17,1463,1446.967599,6,,,
Unicorn Trail Team 1,5036,1483,2/5/2020 12:27,1483,1472.398729,29,,,
Twelve Kitties,5065.3,28680:00:00,2/5/2020 12:37,1195,1179.594496,41,,,
MS/MR,5039,0:00:00,2/5/2020 12:47,1452,1440.762056,21,,,
The Sensei Garys,5088.5,0:00:00,2/5/2020 12:52,3342,3283.875405,9,,,
Asante sana squash banana,5013.8,0:00:00,2/5/2020 13:11,2097,2091.22821,7,,,
Twelve Kitties,5020,0:00:00,2/5/2020 13:11,1232,1227.091633,42,,,
Unicorn Trail Team 1,5043.2,1849,2/5/2020 13:13,1849,2073.088515,30,,,
Twelve Kitties,5022.2,1208,2/5/2020 13:36,1208,1202.660189,43,,,
Unicorn Trail Team 1,5028.9,1317,2/5/2020 13:41,1317,1309.431486,31,,,
Coodows,5255.4,1346,2/5/2020 13:41,1346,1280.587586,7,,,
Coodows,5120.4,1547,2/5/2020 14:12,1547,1518.43606,8,,,
Twelve Kitties,5056.5,1417,2/5/2020 14:12,1417,1401.166815,44,,,
Unicorn Trail Team 1,5009.2,1322,2/5/2020 14:17,1322,1319.571988,32,,,
MS/MR,5950.8,1903,2/5/2020 14:33,1903,1612.38825,22,,,
Twelve Kitties,5127.1,1222,2/5/2020 14:38,1222,1203.409335,45,,,
Coodows,5789.8,1593,2/5/2020 14:43,1593,1375.695188,9,,,
Unicorn Trail Team 1,5127.7,1534,2/5/2020 14:48,1534,1495.797336,33,,,
The Phoebe Buffay Running Club,5039.2,1443,2/5/2020 14:53,1443,1431.774885,4,,,
Twelve Kitties,5016.6,1167,2/5/2020 15:03,1167,1163.138381,46,,,
MS/MR,5015.7,1808,2/5/2020 15:23,1808,1802.34065,23,,,
Twelve Kitties,5034,1755,2/5/2020 15:39,1755,1743.146603,47,,,
Coodows,5641.7,1876,2/5/2020 15:52,1876,1662.619423,10,,,
The Phoebe Buffay Running Club,5027.9,1479,2/5/2020 15:52,1479,1470.792975,5,,,
Poko Fish,5420.1,3722,2/5/2020 16:02,3722,3668.751499,6,,,
Twelve Kitties,5027.9,1515,2/5/2020 16:08,1515,1506.59321,48,,,
Unicorn Trail Team 1,5107.4,1501,2/5/2020 16:08,1501,1529.153777,34,,,
MS/MR,5282.9,1520,2/5/2020 16:11,1520,1438.603797,24,,,
Asante sana squash banana,5003.7,1683,2/5/2020 16:32,1683,1747.706697,8,,,
Twelve Kitties,5013.8,1461,2/5/2020 16:38,1461,1456.978739,49,,,
Unicorn Trail Team 1,5115.3,1808,2/5/2020 16:42,1808,1801.45837,35,,,
MS/MR,5030,1547,2/5/2020 16:52,1547,1537.77336,25,,,
Twelve Kitties,5107.4,1110,2/5/2020 17:02,1110,1086.658574,50,,,
Asante sana squash banana,5115.7,1908,2/5/2020 17:12,1908,1867.779581,9,,,
MS/MR,5107.6,1612,2/5/2020 17:22,1612,1584.8931,26,,,
Unicorn Trail Team 1,5007.1,1940,2/5/2020 17:26,1940,1967.206567,36,,,
MMI Adventure Racing,5009.4,1703,2/5/2020 17:48,1703,1816.584821,11,,,
Asante sana squash banana,5033.1,1645,2/5/2020 17:53,1645,1648.089647,10,,,
Footpussys,5442.9,3246,2/5/2020 17:53,3246,3294.199783,6,,,
Unicorn Trail Team 1,5011,1626,2/5/2020 17:59,1626,1626.421872,37,,,
MS/MR,5000.6,1905,2/5/2020 18:32,1905,1904.771427,27,,,
Unicorn Trail Team 1,5385.7,1965,2/5/2020 18:46,1965,1858.62562,38,,,
MS/MR,5369.1,38976:00:00,2/5/2020 19:09,1624,1515.151515,28,,,
Unicorn Trail Team 1,5036,34632:00:00,2/5/2020 19:15,1443,1432.68467,39,,,
Asante sana squash banana,5014.1,35208:00:00,2/5/2020 19:24,1467,1462.874693,11,,,
Unicorn Trail Team 1,5024.8,32160:00:00,2/5/2020 19:44,1340,1333.386403,40,,,
Unicorn Trail Team 1,5013.4,38352:00:00,2/5/2020 20:19,1598,1593.728807,41,,,
Unicorn Trail Team 1,5007.5,34968:00:00,2/5/2020 20:50,1457,1457.81328,42,,,
Unicorn Trail Team 1,5469.4,34296:00:00,2/5/2020 21:21,1429,1306.359016,43,,,
Unicorn Trail Team 1,5103,39336:00:00,2/5/2020 22:01,1639,1612.776798,44,,,
MS/MR,5015,39144:00:00,2/5/2020 22:17,1631,1626.121635,29,,,
Unicorn Trail Team 1,5059.5,47112:00:00,2/5/2020 22:50,1963,1939.915011,45,,,
MS/MR,5147.5,43704:00:00,3/5/2020 5:19,1821,1772.705197,30,,,
MS/MR,5013.3,52032:00:00,3/5/2020 6:04,2168,2188.179443,31,,,
Straight Outta Stompton,5012.5,40272:00:00,3/5/2020 6:08,1678,1673.815461,10,,,
MS/MR,5347.2,41352:00:00,3/5/2020 6:53,1723,1611.123579,32,,,
The Sensei Garys,5448.9,47592:00:00,3/5/2020 7:17,1983,1902.218796,10,,,
MS/MR,5020,40104:00:00,3/5/2020 7:47,1671,1702.191235,33,,,
Footpussys,5187.5,36408:00:00,3/5/2020 7:52,1517,1462.168675,7,,,
Straight Outta Stompton,5014.2,33312:00:00,3/5/2020 7:52,1388,1384.069243,11,,,
Unicorn Trail Team 1,5011.3,46320:00:00,3/5/2020 7:52,1930,1948.596173,46,,,
MS/MR,5120.3,39312:00:00,3/5/2020 8:21,1638,1599.515653,34,,,
The Phoebe Buffay Running Club,5118.7,41856:00:00,3/5/2020 8:21,1744,1709.418407,6,,,
WhorunstheworldGIRLS,8451.2,88176:00:00,3/5/2020 8:21,3674,2262.992238,6,,,
Straight Outta Stompton,5023.7,38520:00:00,3/5/2020 8:26,1605,1597.42819,12,,,
Unicorn Trail Team 1,5008.7,40920:00:00,3/5/2020 8:26,1705,1714.017609,47,,,
MMI Adventure Racing,5211,41808:00:00,3/5/2020 8:36,1742,1694.49242,12,,,
Footpussys,5192.8,39168:00:00,3/5/2020 8:36,1632,1571.406563,8,,,
Poko Fish,5162.9,106464:00:00,3/5/2020 8:36,4436,4771.543125,7,,,
Asante sana squash banana,5037.1,52104:00:00,3/5/2020 8:51,2171,2159.973,12,,,
MS/MR,5017.6,42720:00:00,3/5/2020 9:01,1780,1773.756378,35,,,
Footpussys,5092,35304:00:00,3/5/2020 9:06,1471,1444.422624,9,,,
Straight Outta Stompton,5015.6,30696:00:00,3/5/2020 9:06,1279,1275.021932,13,,,
The Phoebe Buffay Running Club,5022.9,35568:00:00,3/5/2020 9:06,1482,1500.129407,7,,,
Unicorn Trail Team 1,5155.3,40344:00:00,3/5/2020 9:06,1681,1637.150117,48,,,
Coodows,5026.4,40536:00:00,3/5/2020 9:31,1689,1717.929333,11,,,
WhorunstheworldGIRLS,5054,46104:00:00,3/5/2020 9:31,1921,1900.474871,7,,,
Footpussys,5055.5,38640:00:00,3/5/2020 9:41,1610,1592.32519,10,,,
Unicorn Trail Team 1,5069,38400:00:00,3/5/2020 9:41,1600,1578.220556,49,,,
The Phoebe Buffay Running Club,5002.9,35640:00:00,3/5/2020 9:45,1485,1484.139199,8,,,
MS/MR,5366.8,36672:00:00,3/5/2020 9:46,1528,1423.567116,36,,,
Coodows,5009.9,32448:00:00,3/5/2020 10:03,1352,1349.32833,12,,,
Unicorn Trail Team 1,5013.1,35136:00:00,3/5/2020 10:19,1464,1532.983583,50,,,
MS/MR,5022,35088:00:00,3/5/2020 10:24,1462,1464.555954,37,,,
Footpussys,5464,37296:00:00,3/5/2020 10:24,1554,1422.035139,11,,,
Poko Fish,5040.7,43152:00:00,3/5/2020 10:37,1798,1808.280596,8,,,
WhorunstheworldGIRLS,5003.5,33456:00:00,3/5/2020 10:46,1394,1393.024883,8,,,
MS/MR,5111,36768:00:00,3/5/2020 10:56,1532,1507.532772,38,,,
MMI Adventure Racing,5011.5,30600:00:00,3/5/2020 11:22,1275,1272.074229,13,,,
MS/MR,5005,43008:00:00,3/5/2020 11:31,1792,1790.20979,39,,,
MS/MR,5289.6,36960:00:00,3/5/2020 12:12,1540,1497.277677,40,,,
MS/MR,5023,34728:00:00,3/5/2020 12:51,1447,1444.355963,41,,,
WhorunstheworldGIRLS,5037.9,40776:00:00,3/5/2020 13:01,1699,1768.594057,9,,,
MMI Adventure Racing,5280.5,34536:00:00,3/5/2020 13:06,1439,1379.604204,14,,,
MS/MR,5108.6,37872:00:00,3/5/2020 13:21,1578,1544.454449,42,,,
WhorunstheworldGIRLS,5018.5,41856:00:00,3/5/2020 13:56,1744,1747.534124,10,,,
The Phoebe Buffay Running Club,5006.1,51048:00:00,3/5/2020 15:00,2127,2167.355826,9,,,
MMI Adventure Racing,5525.4,45648:00:00,3/5/2020 15:06,1902,1757.338835,15,,,
Poko Fish,5014,41592:00:00,3/5/2020 15:31,1733,1740.127643,9,,,
Asante sana squash banana,5011.9,53664:00:00,3/5/2020 16:31,2236,2291.54612,13,,,
Footpussys,6256,95280:00:00,3/5/2020 16:31,3970,3302.429668,12,,,
MS/MR,5009.4,43488:00:00,3/5/2020 16:37,1812,1814.588573,47,,,
Poko Fish,5286.3,79320:00:00,3/5/2020 16:37,3305,3358.681876,10,,,
WhorunstheworldGIRLS,13496.6,123744:00:00,3/5/2020 16:52,5156,1919.372286,11,,,
The Phoebe Buffay Running Club,5178.4,42072:00:00,3/5/2020 17:01,1753,1692.607755,10,,,
Coodows,5284.4,31416:00:00,3/5/2020 17:11,1309,1238.551207,13,,,
MS/MR,5231.2,37200:00:00,3/5/2020 17:20,1550,1481.495642,48,,,
Asante sana squash banana,5109,47136:00:00,3/5/2020 17:46,1964,1946.564885,14,,,
MS/MR,5034,37656:00:00,3/5/2020 17:56,1569,1568.33532,49,,,
MMI Adventure Racing,5122,41568:00:00,3/5/2020 18:01,1732,1690.745802,16,,,
WhorunstheworldGIRLS,5025.7,47472:00:00,3/5/2020 18:07,1978,1967.885071,12,,,
Asante sana squash banana,5019.9,44328:00:00,3/5/2020 18:21,1847,1842.666189,15,,,
MS/MR,5136.8,36960:00:00,3/5/2020 18:29,1540,1498.987697,50,,,
MMI Adventure Racing,5016.1,33672:00:00,3/5/2020 18:37,1403,1398.49684,17,,,
MMI Adventure Racing,5243.5,45840:00:00,3/5/2020 20:08,1910,1821.302565,18,,,
Asante sana squash banana,5063.6,37416:00:00,3/5/2020 20:37,1559,1539.418595,16,,,
Footpussys,5035.5,36408:00:00,4/5/2020 6:26,1517,1506.305233,13,,,
Asante sana squash banana,5020.9,54816:00:00,4/5/2020 6:26,2284,2281.463483,17,,,
The Phoebe Buffay Running Club,5081.9,32544:00:00,4/5/2020 6:36,1356,1334.146677,11,,,
Coodows,5018.1,38064:00:00,4/5/2020 6:41,1586,1648.034116,14,,,
The Sensei Garys,5257.8,41592:00:00,4/5/2020 6:56,1733,1648.027692,11,,,
Straight Outta Stompton,6006.7,45312:00:00,4/5/2020 7:17,1888,1571.578404,14,,,
WhorunstheworldGIRLS,5334.4,45600:00:00,4/5/2020 7:17,1900,1783.705759,13,,,
The Sensei Garys,5100,62544:00:00,4/5/2020 7:21,2606,2554.901961,12,,,
Footpussys,5311,75264:00:00,4/5/2020 7:32,3136,2996.610808,14,,,
MMI Adventure Racing,5009.1,41136:00:00,4/5/2020 7:47,1714,1744.82442,19,,,
MMI Adventure Racing,5034,39048:00:00,4/5/2020 8:37,1627,1633.889551,20,,,
MMI Adventure Racing,5017.8,35928:00:00,4/5/2020 10:14,1497,1491.689585,21,,,
WhorunstheworldGIRLS,5017.8,94656:00:00,4/5/2020 10:19,3944,4015.704093,14,,,
The Sensei Garys,5029.2,42072:00:00,4/5/2020 10:46,1753,1791.537421,13,,,
MMI Adventure Racing,5379.5,54624:00:00,4/5/2020 13:36,2276,2144.251324,22,,,
Coodows,5030.8,30648:00:00,4/5/2020 13:40,1277,1269.18184,15,,,
Poko Fish,5134.8,89376:00:00,4/5/2020 14:17,3724,3626,11,,,
Footpussys,5104,33888:00:00,4/5/2020 16:35,1412,1383.22884,15,,,
The Sensei Garys,5003.8,55464:00:00,4/5/2020 16:45,2311,2372.19713,14,,,
The Sensei Garys,5006.8,1797,4/5/2020 17:18,1797,1800.55125,15,,,
Poko Fish,5049.4,1639,4/5/2020 17:18,1639,2750.82188,12,,,
MMI Adventure Racing,5121.5,1591,4/5/2020 17:48,1591,1574.733965,23,,,
Poko Fish,5035.8,1690,4/5/2020 17:58,1690,1680.964296,13,,,
WhorunstheworldGIRLS,8563.1,3794,4/5/2020 18:03,3794,2281.883897,15,,,
Straight Outta Stompton,10128.6,2528,4/5/2020 18:03,2528,1247.951346,15,,,
Asante sana squash banana,5008.9,1704,4/5/2020 18:18,1704,1729.920741,18,,,
MMI Adventure Racing,6023,2118,4/5/2020 18:32,2118,1791.466047,24,,,
The Sensei Garys,5023.9,1999,4/5/2020 18:37,1999,2277.115388,16,,,
WhorunstheworldGIRLS,5100.2,2078,4/5/2020 18:52,2078,2037.175013,16,,,
Asante sana squash banana,5023.6,2001,4/5/2020 18:56,2001,2026.435226,19,,,
Footpussys,5071.2,3065,4/5/2020 18:56,3065,3159.015618,16,,,
Asante sana squash banana,5015.2,1698,4/5/2020 19:33,1698,1696.841602,20,,,
The Phoebe Buffay Running Club,5001.5,1476,4/5/2020 19:52,1476,1475.557333,12,,,
Coodows,5006,1539,4/5/2020 20:24,1539,1537.155414,16,,,
Coodows,5111.8,1261,4/5/2020 21:40,1261,1237.333229,17,,,
Footpussys,5449,1661,5/5/2020 6:03,1661,1531.473665,17,,,
MMI Adventure Racing,5090.9,1731,5/5/2020 6:29,1731,1765.896011,25,,,
The Phoebe Buffay Running Club,5117.9,1715,5/5/2020 6:38,1715,1675.491901,12,,,
Footpussys,5203.5,1678,5/5/2020 6:43,1678,1612.376285,18,,,
Coodows,5008.9,1423,5/5/2020 6:53,1423,1428.457346,18,,,
The Sensei Garys,5023.1,1661,5/5/2020 6:53,1661,1668.292489,17,,,
Straight Outta Stompton,5007.7,1562,5/5/2020 6:58,1562,1559.598219,16,,,
MMI Adventure Racing,5013.4,1475,5/5/2020 7:03,1475,1471.057566,26,,,
Asante sana squash banana,5051.1,1429,5/5/2020 7:03,1429,1414.543367,21,,,
WhorunstheworldGIRLS,6003.5,2014,5/5/2020 7:13,2014,1738.152744,17,,,
The Sensei Garys,5013.5,2338,5/5/2020 7:46,2338,2456.367807,18,,,
MMI Adventure Racing,11005.7,5413,5/5/2020 8:12,5413,2595.927565,27,,,
Straight Outta Stompton,8150.1,2900,5/5/2020 8:21,2900,1863.780813,17,,,
The Sensei Garys,5048.1,1711,5/5/2020 8:26,1711,1747.192013,19,,,
Coodows,5017.1,1301,5/5/2020 13:41,1301,1296.565745,19,,,
The Phoebe Buffay Running Club,5076,1308,5/5/2020 15:44,1308,1303.191489,13,,,
The Sensei Garys,5022.8,1645,5/5/2020 15:44,1645,1668.392132,20,,,
Asante sana squash banana,5020,2060,5/5/2020 16:34,2060,2051.792829,22,,,
The Sensei Garys,6508,3807,5/5/2020 17:01,3807,2936.385986,21,,,
WhorunstheworldGIRLS,5033.2,3796,5/5/2020 17:28,3796,3879.241834,18,,,
Straight Outta Stompton,6006.6,1592,5/5/2020 17:37,1592,1325.208937,18,,,
MMI Adventure Racing,5132,1531,5/5/2020 17:55,1531,1491.6212,28,,,
Poko Fish,5169.3,2972,5/5/2020 18:19,2972,3100.032886,14,,,
MMI Adventure Racing,5041.1,1396,5/5/2020 18:30,1396,1384.618436,29,,,
Asante sana squash banana,5005.3,1753,5/5/2020 18:30,1753,2055.82083,23,,,
WhorunstheworldGIRLS,5055.4,1599,5/5/2020 18:30,1599,1603.236144,19,,,
Asante sana squash banana,5020,1945,5/5/2020 18:58,1945,1937.250996,24,,,
Asante sana squash banana,5031.8,1907,5/5/2020 19:48,1907,1905.878612,25,,,
Footpussys,5018,1320,5/5/2020 19:53,1320,1315.265046,19,,,
Coodows,5012.4,1360,5/5/2020 19:53,1360,1356.635544,20,,,
MMI Adventure Racing,5231.6,1620,5/5/2020 20:18,1620,1548.283508,30,,,
The Sensei Garys,5021,1984,5/5/2020 20:34,1984,2127.066321,22,,,
Coodows,5075.6,1300,5/5/2020 21:41,1300,1280.636772,21,,,
Straight Outta Stompton,5009.6,1452,6/5/2020 6:33,1452,1449.217502,19,,,
The Sensei Garys,5015.7,2842,6/5/2020 6:41,2842,2843.072752,23,,,
Footpussys,5184.1,2992,6/5/2020 6:41,2992,3063.212515,20,,,
Asante sana squash banana,5018.5,1569,6/5/2020 6:46,1569,1563.2161,26,,,
Coodows,5008.2,1533,6/5/2020 7:01,1533,1554.450701,22,,,
Straight Outta Stompton,5000,1500,6/5/2020 7:01,1500,1500,20,,,
Footpussys,5484,1527,6/5/2020 7:29,1527,1392.231947,21,,,
MMI Adventure Racing,5010.1,1750,6/5/2020 7:55,1750,1772.419712,31,,,
The Sensei Garys,5000,2606,6/5/2020 8:14,2606,2606,24,,,
The Phoebe Buffay Running Club,5003.9,1513,6/5/2020 8:43,1513,1511.82078,14,,,
MMI Adventure Racing,5277,3299,6/5/2020 9:22,3299,3180.784537,32,,,
WhorunstheworldGIRLS,5000,1865,6/5/2020 9:22,1865,1865,20,,,
The Sensei Garys,5015.9,1605,6/5/2020 11:32,1605,1623.836201,25,,,
MMI Adventure Racing,5165.5,1666,6/5/2020 11:58,1666,1612.622205,33,,,
Poko Fish,5134.7,3563,6/5/2020 11:58,3563,3563,15,,,
WhorunstheworldGIRLS,5052.1,1920,6/5/2020 12:26,1920,1924.942103,21,,,
Coodows,5014.1,1388,6/5/2020 13:49,1388,1406.034981,23,,,
WhorunstheworldGIRLS,5106.8,1758,6/5/2020 13:55,1758,1721.234433,22,,,
MonkeyMagic,20900.4,7886,6/5/2020 14:23,7886,2270.052248,1,,,
Asante sana squash banana,5027.3,2069,6/5/2020 16:33,2069,2075.666859,27,,,
WhorunstheworldGIRLS,5356.5,2263,6/5/2020 16:33,2263,2112.38682,23,,,
WhorunstheworldGIRLS,5131.6,1703,6/5/2020 17:18,1703,1659.326526,24,,,
WhorunstheworldGIRLS,5136.6,1825,6/5/2020 17:54,1825,1793.988241,25,,,
Straight Outta Stompton,5010,1407,6/5/2020 7:01,1407,1407,21,,,
The Phoebe Buffay Running Club,5005.7,1655,6/5/2020 18:03,1655,1714.045988,15,,,
Asante sana squash banana,5003.3,1870,6/5/2020 18:14,1870,1960.705934,28,,,
Asante sana squash banana,5027.5,2026,6/5/2020 18:53,2026,2026.852312,29,,,
Asante sana squash banana,5037.3,1857,6/5/2020 19:30,1857,1843.24936,30,,,
Coodows,5008.6,1406,6/5/2020 20:00,1406,1403.585832,24,,,
MMI Adventure Racing,5086.8,34056:00:00,6/5/2020 20:11,1419,1394.786506,34,,,
Coodows,5038.6,30864:00:00,6/5/2020 22:52,1286,1283.09451,25,,,
Straight Outta Stompton,5010.6,41112:00:00,7/5/2020 5:49,1713,1709.376123,22,,,
WhorunstheworldGIRLS,5016.9,36336:00:00,7/5/2020 6:00,1514,1508.899918,26,,,
Footpussys,5300.7,38952:00:00,7/5/2020 6:26,1623,1530.929877,22,,,
Asante sana squash banana,6226.7,43248:00:00,7/5/2020 6:46,1802,1446.994395,31,,,
Coodows,5007.4,38568:00:00,7/5/2020 7:09,1607,1604.625155,26,,,
Footpussys,5481.5,36552:00:00,7/5/2020 7:09,1523,1436.650552,23,,,
The Sensei Garys,5017.2,40440:00:00,7/5/2020 7:24,1685,1701.148051,26,,,
MMI Adventure Racing,5099.4,41952:00:00,7/5/2020 7:29,1748,1734.517786,35,,,
The Phoebe Buffay Running Club,5088,36960:00:00,7/5/2020 7:54,1540,1513.36478,16,,,
Footpussys,5509.3,72000:00:00,7/5/2020 8:10,3000,2764.416532,24,,,
MMI Adventure Racing,5149,42384:00:00,7/5/2020 9:31,1766,1745.970091,36,,,
WhorunstheworldGIRLS,7013.1,63456:00:00,7/5/2020 9:46,2644,1937.089162,27,,,
WhorunstheworldGIRLS,5104.6,76584:00:00,7/5/2020 11:56,3191,3379.304941,28,,,
The Sensei Garys,5008.3,37416:00:00,7/5/2020 14:52,1559,1631.292055,27,,,
WhorunstheworldGIRLS,7345.7,71640:00:00,7/5/2020 15:12,2985,2037.24628,29,,,
WhorunstheworldGIRLS,5089.1,47664:00:00,7/5/2020 16:06,1986,2063.233185,30,,,
MMI Adventure Racing,5033.4,36120:00:00,7/5/2020 16:27,1505,1495.013311,37,,,
Asante sana squash banana,5020.4,50304:00:00,7/5/2020 16:41,2096,2104.413991,32,,,
Footpussys,5059,32040:00:00,7/5/2020 16:46,1335,1319.430718,25,,,
Straight Outta Stompton,5153.5,35496:00:00,7/5/2020 17:17,1479,1434.947123,23,,,
Poko Fish,5152.9,52488:00:00,7/5/2020 17:17,2187,2457.839275,16,,,
Coodows,5017.6,33600:00:00,7/5/2020 17:26,1400,1399.075255,27,,,
WhorunstheworldGIRLS,5080.8,42480:00:00,7/5/2020 17:56,1770,1759.565423,31,,,
Asante sana squash banana,5006.9,51456:00:00,7/5/2020 18:06,2144,2162.016417,33,,,
The Sensei Garys,5011,49200:00:00,7/5/2020 18:06,2050,2334.863301,28,,,
Poko Fish,5013.8,42984:00:00,7/5/2020 18:06,1791,1786.070446,17,,,
Asante sana squash banana,5141.9,44448:00:00,7/5/2020 18:41,1852,1825.200801,34,,,
WhorunstheworldGIRLS,5032.4,51840:00:00,7/5/2020 18:41,2160,2146.093315,32,,,
The Phoebe Buffay Running Club,5061.5,33624:00:00,7/5/2020 18:41,1401,1383.977082,17,,,
Asante sana squash banana,5038.8,41808:00:00,7/5/2020 19:21,1742,1728.586171,35,,,
Footpussys,5379.5,78936:00:00,7/5/2020 19:42,3289,3328.376243,26,,,
Coodows,5180.3,35976:00:00,7/5/2020 20:04,1499,1446.827404,28,,,
MMI Adventure Racing,5008.3,39720:00:00,7/5/2020 21:03,1655,1652.257253,38,,,
Footpussys,7803,53328:00:00,8/5/2020 5:59,2222,1423.811355,27,,,
Straight Outta Stompton,5003.9,39768:00:00,8/5/2020 6:09,1657,1655.708547,24,,,
The Sensei Garys,5017,51192:00:00,8/5/2020 6:47,2133,2189.555511,29,,,
Footpussys,5370.5,71832:00:00,8/5/2020 6:55,2993,2797.69109,28,,,
WhorunstheworldGIRLS,5315.1,43272:00:00,8/5/2020 7:06,1803,1698.933228,33,,,
Asante sana squash banana,5056.2,38352:00:00,8/5/2020 7:21,1598,1580.238123,36,,,
Straight Outta Stompton,8250.9,59928:00:00,8/5/2020 7:27,2497,1513.16826,25,,,
Footpussys,5122,34776:00:00,8/5/2020 7:43,1449,1414.486529,29,,,
WhorunstheworldGIRLS,5083.3,47880:00:00,8/5/2020 7:43,1995,1962.30795,34,,,
MMI Adventure Racing,5265.8,44664:00:00,8/5/2020 8:04,1861,1767.062934,39,,,
Poko Fish,5025.2,79320:00:00,8/5/2020 8:04,3305,3294.396243,18,,,
MMI Adventure Racing,5457,42696:00:00,8/5/2020 9:35,1779,1630.016493,40,,,
MMI Adventure Racing,5040.1,34896:00:00,8/5/2020 10:20,1454,1478.145275,41,,,
MMI Adventure Racing,5051.5,50976:00:00,8/5/2020 11:02,2124,2102.345838,42,,,
MMI Adventure Racing,5073.5,42384:00:00,8/5/2020 11:46,1766,1773.923327,43,,,
Coodows,5421.1,31680:00:00,8/5/2020 13:40,1320,1220.232056,29,,,
Asante sana squash banana,5014.5,51456:00:00,8/5/2020 16:30,2144,2193.638448,37,,,
The Sensei Garys,5022.8,39744:00:00,8/5/2020 17:05,1656,1676.355817,30,,,
The Phoebe Buffay Running Club,5002.1,34992:00:00,8/5/2020 17:20,1458,1460.386638,18,,,
Asante sana squash banana,5011.3,43272:00:00,8/5/2020 17:30,1803,2039.390976,38,,,
Poko Fish,5360.2,93264:00:00,8/5/2020 17:45,3886,3661.243983,19,,,
WhorunstheworldGIRLS,5011.8,37128:00:00,8/5/2020 17:58,1547,1547.348258,35,,,
The Sensei Garys,5023.9,37680:00:00,8/5/2020 18:03,1570,1578.454985,31,,,
Asante sana squash banana,5008.8,48336:00:00,8/5/2020 18:52,2014,2043.40361,39,,,
MMI Adventure Racing,5179,40200:00:00,8/5/2020 18:56,1675,1656.690481,44,,,
Asante sana squash banana,5024.5,42120:00:00,8/5/2020 19:37,1755,1754.403423,40,,,
Coodows,5015.1,31560:00:00,8/5/2020 19:47,1315,1311.040657,30,,,
Coodows,5058.2,31440:00:00,8/5/2020 20:38,1310,1303.823495,31,,,
Asante sana squash banana,5059.8,39672:00:00,8/5/2020 20:54,1653,1633.463773,41,,,
Coodows,5100.4,39000:00:00,8/5/2020 21:28,1625,1593.012313,32,,,
MMI Adventure Racing,5061.9,38976:00:00,8/5/2020 23:13,1624,1604.140738,45,,,
MMI Adventure Racing,5041.5,38544:00:00,9/5/2020 1:09,1606,1592.779927,46,,,
Footpussys,5107,39000:00:00,9/5/2020 7:01,1625,1590.953593,30,,,
MMI Adventure Racing,5009.3,40464:00:00,9/5/2020 7:06,1686,1687.860579,47,,,
Footpussys,5082,33600:00:00,9/5/2020 7:31,1400,1377.410468,31,,,
Straight Outta Stompton,5010.3,39480:00:00,9/5/2020 7:47,1645,1664.570984,26,,,
MMI Adventure Racing,5140,38928:00:00,9/5/2020 7:52,1622,1593.385214,48,,,
Asante sana squash banana,5027.2,58752:00:00,9/5/2020 7:57,2448,2434.754933,42,,,
Footpussys,5180,38616:00:00,9/5/2020 8:12,1609,1553.088803,32,,,
Asante sana squash banana,5004.9,54960:00:00,9/5/2020 9:35,2290,2300.74527,43,,,
MMI Adventure Racing,5009.2,33144:00:00,9/5/2020 9:42,1381,1378.463627,49,,,
Footpussys,5364,36480:00:00,9/5/2020 9:42,1520,1416.853095,33,,,
Poko Fish,5014.8,38712:00:00,9/5/2020 9:48,1613,2535.494935,20,,,
The Sensei Garys,5005.4,35232:00:00,9/5/2020 9:53,1468,1531.346146,32,,,
Straight Outta Stompton,5008.9,27960:00:00,9/5/2020 9:58,1165,1162.929985,27,,,
Coodows,5052.2,29856:00:00,9/5/2020 10:08,1244,1261.826531,33,,,
MMI Adventure Racing,5020,48624:00:00,9/5/2020 10:45,2026,2052.788845,50,,,
Asante sana squash banana,5103.7,46920:00:00,9/5/2020 10:45,1955,1957.403452,44,,,
Coodows,5285,36192:00:00,9/5/2020 11:00,1508,1426.679281,34,,,
WhorunstheworldGIRLS,10011.8,84000:00:00,9/5/2020 11:00,3500,2055.075011,36,,,
Asante sana squash banana,5044.3,42384:00:00,9/5/2020 11:21,1766,1755.446742,45,,,
Coodows,5044.9,30624:00:00,9/5/2020 11:39,1276,1264.643501,35,,,
WhorunstheworldGIRLS,5024.5,40392:00:00,9/5/2020 11:48,1683,1784.25714,37,,,
Asante sana squash banana,5028.8,34968:00:00,9/5/2020 11:57,1457,1448.655743,46,,,
Coodows,5011.7,35400:00:00,9/5/2020 12:18,1475,1471.556558,36,,,
The Phoebe Buffay Running Club,5016.9,40896:00:00,9/5/2020 12:18,1704,1710.219458,19,,,
Poko Fish,5008.7,38808:00:00,9/5/2020 12:48,1617,1614.191307,21,,,
Asante sana squash banana,5016.7,50784:00:00,9/5/2020 13:08,2116,2108.956087,47,,,
The Sensei Garys,5018.5,44904:00:00,9/5/2020 13:19,1871,1958.752615,33,,,
WhorunstheworldGIRLS,10051.3,89328:00:00,9/5/2020 13:28,3722,1855.978829,38,,,
Coodows,5036,30792:00:00,9/5/2020 14:02,1283,1396.942017,37,,,
WhorunstheworldGIRLS,5000,36000:00:00,9/5/2020 14:25,1500,1500,39,,,
Straight Outta Stompton,5009.6,36696:00:00,9/5/2020 14:28,1529,1534.054615,28,,,
Coodows,5010,35688:00:00,9/5/2020 15:06,1487,1484.031936,38,,,
Straight Outta Stompton,6600.5,46032:00:00,9/5/2020 15:37,1918,1452.920233,29,,,
Coodows,5019.2,32280:00:00,9/5/2020 15:43,1345,1346.82818,39,,,
Poko Fish,5162.3,56712:00:00,9/5/2020 16:33,2363,2636.42175,22,,,
WhorunstheworldGIRLS,5501.6,53424:00:00,9/5/2020 16:38,2226,2056.674422,40,,,
Coodows,5019.9,36744:00:00,9/5/2020 16:48,1531,1524.930776,40,,,
Asante sana squash banana,5024.1,44784:00:00,9/5/2020 17:30,1866,1940.646086,48,,,
Footpussys,5339.1,83688:00:00,9/5/2020 18:04,3487,3295.499241,34,,,
Asante sana squash banana,5030.8,44904:00:00,9/5/2020 18:08,1871,1875.447245,49,,,
Asante sana squash banana,5040.4,42624:00:00,9/5/2020 19:33,1776,1761.764939,50,,,
Footpussys,5026,34200:00:00,10/5/2020 6:05,1425,1420.612813,35,,,
Footpussys,5070.6,38616:00:00,10/5/2020 6:40,1609,1586.597247,36,,,
Footpussys,5087,34848:00:00,10/5/2020 7:26,1452,1427.167289,37,,,
Footpussys,5096.1,37128:00:00,10/5/2020 8:03,1547,1571.790193,38,,,
The Phoebe Buffay Running Club,5005.8,38232:00:00,10/5/2020 9:33,1593,1598.14615,20,,,
Coodows,5006,31344:00:00,10/5/2020 9:33,1306,1314.422693,41,,,
Footpussys,7250,48600:00:00,10/5/2020 9:33,2025,1484.827586,39,,,
Coodows,5033.7,33672:00:00,10/5/2020 10:36,1403,1393.607088,42,,,
The Phoebe Buffay Running Club,4999,34992:00:00,10/5/2020 10:36,1458,1472.294459,21,,,
MonkeyMagic,5245.9,38592:00:00,10/5/2020 11:22,1608,1546.922358,2,,,
The Phoebe Buffay Running Club,5008.8,71520:00:00,10/5/2020 12:08,2980,3012.697652,22,,,
Poko Fish,5037.4,85896:00:00,10/5/2020 12:30,3579,3784.690515,23,,,
Poko Fish,5228.7,36432:00:00,10/5/2020 13:39,1518,2185.055559,24,,,
Poko Fish,5006.1,39984:00:00,10/5/2020 14:12,1666,1663.969957,25,,,
Poko Fish,5113.3,77616:00:00,10/5/2020 15:22,3234,3168.208398,26,,,
The Phoebe Buffay Running Club,5115.2,37488:00:00,10/5/2020 16:07,1562,1526.822021,23,,,
WhorunstheworldGIRLS,5065.3,53736:00:00,10/5/2020 16:07,2239,2210.135629,41,,,
WhorunstheworldGIRLS,5413,45528:00:00,10/5/2020 17:14,1897,1755.034177,42,,,
WhorunstheworldGIRLS,5029.2,50808:00:00,10/5/2020 18:59,2117,2104.708502,43,,,
The Sensei Garys,5000,36000:00:00,10/5/2020 19:12,1500,1500,34,,,
Coodows,5047.9,32472:00:00,10/5/2020 20:24,1353,1340.161255,43,,,
Straight Outta Stompton,5000,36000:00:00,11/5/2020 5:31,1500,1500,30,,,
WhorunstheworldGIRLS,5005.6,34656:00:00,11/5/2020 5:46,1444,1442.384529,44,,,
The Phoebe Buffay Running Club,5023.5,31440:00:00,11/5/2020 6:32,1310,1303.871803,24,,,
Coodows,5014.1,32640:00:00,11/5/2020 7:01,1360,1356.175585,44,,,
WhorunstheworldGIRLS,6382,60360:00:00,11/5/2020 9:56,2515,2210.905672,45,,,
Poko Fish,5043.9,82752:00:00,11/5/2020 10:15,3448,3455.659311,27,,,
Footpussys,5035.5,70800:00:00,11/5/2020 13:01,2950,2994.737365,40,,,
Coodows,5026.7,29880:00:00,11/5/2020 13:51,1245,1238.387013,45,,,
Footpussys,5790,78240:00:00,11/5/2020 15:34,3260,2941.278066,41,,,
WhorunstheworldGIRLS,5030.7,36600:00:00,11/5/2020 16:59,1525,1525.632616,46,,,
Straight Outta Stompton,5009.2,31248:00:00,11/5/2020 17:13,1302,1299.60872,31,,,
The Phoebe Buffay Running Club,5008.1,35856:00:00,11/5/2020 17:50,1494,1501.567461,25,,,
WhorunstheworldGIRLS,10352.7,95328:00:00,11/5/2020 18:52,3972,1963.738928,47,,,
Coodows,5012.3,32784:00:00,11/5/2020 19:46,1366,1362.647886,46,,,
Coodows,5015.6,31080:00:00,11/5/2020 21:45,1295,1290.972167,47,,,
Straight Outta Stompton,5012.4,40584:00:00,12/5/2020 6:37,1691,1710.757322,32,,,
Coodows,5007.3,35592:00:00,12/5/2020 7:08,1483,1484.832145,48,,,
The Sensei Garys,5013.5,63264:00:00,12/5/2020 7:22,2636,2709.683854,35,,,
Straight Outta Stompton,10583.3,79416:00:00,12/5/2020 7:46,3309,1563.31201,33,,,
WhorunstheworldGIRLS,5066.2,45120:00:00,12/5/2020 7:46,1880,1861.355651,48,,,
Footpussys,5078.5,83424:00:00,12/5/2020 12:34,3476,3664.467855,42,,,
WhorunstheworldGIRLS,5101.2,41760:00:00,12/5/2020 14:27,1740,1708.421548,49,,,
The Phoebe Buffay Running Club,5001.5,40416:00:00,12/5/2020 14:57,1684,1689.493152,26,,,
Poko Fish,5078.5,42288:00:00,12/5/2020 17:06,1762,2063.601457,28,,,
Coodows,5012.6,24264:00:00,12/5/2020 17:11,1011,1008.458684,49,,,
WhorunstheworldGIRLS,5356.6,61416:00:00,12/5/2020 17:11,2559,2433.446589,50,,,
Footpussys,5815,90576:00:00,12/5/2020 17:11,3774,3557.179708,43,,,
The Sensei Garys,5011.9,42048:00:00,12/5/2020 18:12,1752,1761.8069,36,,,
Footpussys,5033.7,61176:00:00,12/5/2020 19:23,2549,2608.419254,44,,,
Coodows,5011.3,28752:00:00,12/5/2020 20:12,1198,1195.298625,50,,,
Poko Fish,5076.8,53952:00:00,12/5/2020 20:12,2248,2271.115663,29,,,
Straight Outta Stompton,5348,37656:00:00,13/5/2020 6:10,1569,1466.903515,34,,,
The Sensei Garys,5004.6,56088:00:00,13/5/2020 16:51,2337,2621.588139,37,,,
The Sensei Garys,5066,45744:00:00,13/5/2020 17:35,1906,1895.973154,38,,,
Straight Outta Stompton,5010.7,33528:00:00,13/5/2020 18:08,1397,1394.016804,35,,,
Poko Fish,5199.5,70224:00:00,13/5/2020 18:19,2926,2907.97192,30,,,
Footpussys,14044,108192:00:00,13/5/2020 18:57,4508,1672.244375,45,,,
Footpussys,5069.4,39528:00:00,14/5/2020 6:22,1647,1624.452598,46,,,
Straight Outta Stompton,5017.7,39984:00:00,14/5/2020 6:52,1666,1660.123164,36,,,
Footpussys,5062,32712:00:00,14/5/2020 7:02,1363,1346.305808,47,,,
WhorunstheworldGIRLS,5518.6,46224:00:00,14/5/2020 7:12,1926,1747.725873,51,,,
Asante sana squash banana,6198.5,46752:00:00,14/5/2020 7:33,1948,1571.347907,51,,,
Footpussys,5067.6,36792:00:00,14/5/2020 7:46,1533,1642.789486,48,,,
The Phoebe Buffay Running Club,5071.7,40944:00:00,14/5/2020 9:37,1706,1902.715066,27,,,
The Sensei Garys,5138.6,58752:00:00,14/5/2020 13:31,2448,2430.623127,39,,,
Coodows,5013.4,30696:00:00,14/5/2020 13:56,1279,1275.581442,51,,,
Footpussys,5132,31848:00:00,14/5/2020 16:54,1327,1292.868277,49,,,
WhorunstheworldGIRLS,5048.4,50088:00:00,14/5/2020 17:03,2087,2073.924412,52,,,
Poko Fish,5163.3,87888:00:00,14/5/2020 17:58,3662,3602.347336,31,,,
WhorunstheworldGIRLS,6004.2,72624:00:00,14/5/2020 17:58,3026,2519.902735,53,,,
Footpussys,5286,74184:00:00,14/5/2020 18:14,3091,2937.003405,50,,,
Twelve Kitties,17366.8,141696:00:00,14/5/2020 18:35,5904,1758.815671,51,,,
The Sensei Garys,5000,36000:00:00,14/5/2020 19:17,1500,1500,40,,,
The Phoebe Buffay Running Club,5007.8,35040:00:00,14/5/2020 19:48,1460,1457.725948,28,,,
Poko Fish,5046.5,47064:00:00,14/5/2020 19:59,1961,2110.373526,32,,,
Straight Outta Stompton,5201.5,40032:00:00,15/5/2020 6:15,1668,1603.383639,37,,,
Poko Fish,5005.1,42288:00:00,15/5/2020 6:50,1762,1766.198478,33,,,
Unicorn Trail Team 1,5024.7,40152:00:00,15/5/2020 6:50,1673,1667.761259,51,,,
Twelve Kitties,10192.5,81624:00:00,15/5/2020 7:09,3401,1691.439784,52,,,
Coodows,5043.1,39048:00:00,15/5/2020 7:14,1627,1632.924193,52,,,
Unicorn Trail Team 1,10013.1,72432:00:00,15/5/2020 8:09,3018,1550.968232,52,,,
The Phoebe Buffay Running Club,5007.9,72576:00:00,15/5/2020 11:31,3024,3947.762535,29,,,
The Phoebe Buffay Running Club,5024.6,37152:00:00,15/5/2020 13:13,1548,1540.421128,30,,,
Twelve Kitties,5012.9,39864:00:00,15/5/2020 17:28,1661,1656.725648,53,,,
Unicorn Trail Team 1,5053.6,38472:00:00,15/5/2020 17:33,1603,1585.9981,53,,,
Poko Fish,5258.6,67704:00:00,15/5/2020 17:33,2821,2791.617541,34,,,
The Phoebe Buffay Running Club,5044.4,33696:00:00,15/5/2020 19:10,1404,1391.642217,31,,,
Unicorn Trail Team 1,5055.5,38880:00:00,15/5/2020 19:23,1620,1610.127584,54,,,
Unicorn Trail Team 1,5155.9,49272:00:00,15/5/2020 20:08,2053,2102.445742,55,,,
Unicorn Trail Team 1,5259,51456:00:00,15/5/2020 22:01,2144,2042.213349,56,,,
WhorunstheworldGIRLS,5144.5,41016:00:00,16/5/2020 7:04,1709,1674.603946,54,,,
Twelve Kitties,5198.5,40824:00:00,16/5/2020 7:14,1701,1643.743388,54,,,
Unicorn Trail Team 1,6352.9,55896:00:00,16/5/2020 9:39,2329,1836.956351,57,,,
The Sensei Garys,5012.8,65544:00:00,16/5/2020 9:39,2731,3315.512289,41,,,
Straight Outta Stompton,5000,36000:00:00,16/5/2020 9:48,1500,1500,38,,,
Twelve Kitties,21111.2,205536:00:00,16/5/2020 10:14,8564,2028.54409,55,,,
The Phoebe Buffay Running Club,5018.1,32472:00:00,16/5/2020 10:44,1353,1359.08013,32,,,
Straight Outta Stompton,5015.5,35424:00:00,16/5/2020 11:14,1476,1476.423088,39,,,
Poko Fish,5040.7,114408:00:00,16/5/2020 11:25,4767,8718.035194,35,,,
Straight Outta Stompton,5000,36000:00:00,16/5/2020 12:35,1500,1500,40,,,
Poko Fish,5013.1,38880:00:00,16/5/2020 12:36,1620,2191.258902,36,,,
Straight Outta Stompton,5000,36000:00:00,16/5/2020 12:50,1500,1500,41,,,
The Phoebe Buffay Running Club,5008.5,30816:00:00,16/5/2020 12:58,1284,1698.113208,33,,,
Unicorn Trail Team 1,5543,43632:00:00,16/5/2020 14:00,1818,1639.906188,58,,,
Poko Fish,5003.3,37728:00:00,16/5/2020 14:45,1572,1570.963164,37,,,
WhorunstheworldGIRLS,6077.7,55392:00:00,16/5/2020 15:46,2308,1930.006417,55,,,
WhorunstheworldGIRLS,5300,47448:00:00,16/5/2020 16:42,1977,1865.09434,56,,,
Unicorn Trail Team 1,5019.3,60744:00:00,16/5/2020 16:52,2531,9958.559959,59,,,
Poko Fish,5337.2,85128:00:00,16/5/2020 17:35,3547,3389.417672,38,,,
Unicorn Trail Team 1,5212.4,38256:00:00,16/5/2020 17:46,1594,1529.046121,60,,,
The Phoebe Buffay Running Club,5077.7,40200:00:00,17/5/2020 9:32,1675,1652.322902,34,,,
Poko Fish,5424.1,102168:00:00,17/5/2020 9:32,4257,4114.968382,39,,,
Unicorn Trail Team 1,10467,100608:00:00,17/5/2020 9:32,4192,2005.82784,61,,,
Footpussys,20078,161736:00:00,17/5/2020 9:32,6739,1845.054288,51,,,
The Sensei Garys,5374.8,100944:00:00,17/5/2020 9:48,4206,4980.650443,42,,,
WhorunstheworldGIRLS,5171.4,44640:00:00,17/5/2020 9:48,1860,1880.535252,57,,,
The Phoebe Buffay Running Club,5009.4,34128:00:00,17/5/2020 11:02,1422,1419.331656,35,,,
Unicorn Trail Team 1,11069.8,73368:00:00,17/5/2020 11:17,3057,1380.783754,62,,,
The Sensei Garys,5016.5,49392:00:00,17/5/2020 11:54,2058,2127.977674,43,,,
Unicorn Trail Team 1,5070.7,37992:00:00,17/5/2020 11:54,1583,1567.830871,63,,,
Straight Outta Stompton,5000,36000:00:00,17/5/2020 12:31,1500,1500,42,,,
Unicorn Trail Team 1,5100.2,52848:00:00,17/5/2020 13:09,2202,2193.051253,64,,,
Straight Outta Stompton,5012.7,27936:00:00,17/5/2020 15:45,1164,1161.050931,43,,,
Unicorn Trail Team 1,9008.3,117168:00:00,17/5/2020 15:45,4882,2732.480046,65,,,
The Sensei Garys,5105,128280:00:00,17/5/2020 15:45,5345,5694.417238,44,,,
Straight Outta Stompton,5000,36000:00:00,17/5/2020 15:53,1500,1500,44,,,
Straight Outta Stompton,5000,36000:00:00,17/5/2020 16:03,1500,1500,45,,,
WhorunstheworldGIRLS,5613.7,62520:00:00,17/5/2020 16:52,2605,2334.467464,58,,,
WhorunstheworldGIRLS,5024.1,40944:00:00,17/5/2020 17:31,1706,1697.816524,59,,,
Twelve Kitties,5414.2,38712:00:00,17/5/2020 17:47,1613,1489.601418,56,,,
Unicorn Trail Team 1,5413,51960:00:00,17/5/2020 18:22,2165,2003.510068,66,,,
Twelve Kitties,5020.1,78048:00:00,17/5/2020 19:59,3252,3238.979303,57,,,
Asante sana squash banana,5000,46752:00:00,16/5/2020 7:33,2251,2251,52,,,
Twelve Kitties,5425.5,40824:00:00,18/5/2020 5:55,1701,1571.283753,58,,,
Unicorn Trail Team 1,5457.1,41088:00:00,18/5/2020 7:23,1712,1584.174745,67,,,
WhorunstheworldGIRLS,5003,72024:00:00,18/5/2020 9:06,3001,3232.060764,60,,,
Asante sana squash banana,6033,52392:00:00,18/5/2020 13:34,2183,1844.024532,53,,,
Footpussys,6807.6,81048:00:00,18/5/2020 15:59,3377,2480.316117,52,,,
Unicorn Trail Team 1,5213,34248:00:00,18/5/2020 16:17,1427,1368.69365,68,,,
The Phoebe Buffay Running Club,5010.8,36816:00:00,18/5/2020 16:23,1534,1530.693702,36,,,
The Sensei Garys,5016.4,45696:00:00,18/5/2020 16:58,1904,1980.503947,45,,,
Asante sana squash banana,5088.9,43800:00:00,18/5/2020 17:29,1825,1987.659416,54,,,
Unicorn Trail Team 1,5717.7,53952:00:00,18/5/2020 17:34,2248,2264.896724,69,,,
WhorunstheworldGIRLS,5003.9,34992:00:00,18/5/2020 17:49,1458,1456.863646,61,,,
Unicorn Trail Team 1,5010.4,44256:00:00,18/5/2020 18:30,1844,1853.145457,70,,,
Twelve Kitties,5030.8,72456:00:00,18/5/2020 18:57,3019,3000.516816,59,,,
Asante sana squash banana,5011.6,40200:00:00,18/5/2020 20:41,1675,1671.122995,55,,,
Asante sana squash banana,5007.9,53472:00:00,19/5/2020 6:00,2228,2248.447453,56,,,
Footpussys,10138.5,69912:00:00,19/5/2020 7:03,2913,1535.730138,53,,,
Straight Outta Stompton,5003,50016:00:00,19/5/2020 7:33,2084,2144.713172,46,,,
Twelve Kitties,5125.6,82560:00:00,19/5/2020 7:51,3440,3507.882004,60,,,
Poko Fish,5337.2,85128:00:00,16/5/2020 17:35,3547,3389.417672,40,,,
Unicorn Trail Team 1,5010.4,44256:00:00,18/5/2020 18:30,1844,1853.145457,71,,,
The Phoebe Buffay Running Club,5008.8,82008:00:00,19/5/2020 11:42,3417,3429.963265,37,,,
WhorunstheworldGIRLS,5074.7,43080:00:00,19/5/2020 13:08,1795,1787.297771,62,,,
MonkeyMagic,5000,86400:00:00,19/5/2020 14:41,3600,3600,3,,,
WhorunstheworldGIRLS,7091.6,60792:00:00,19/5/2020 15:07,2533,1838.795194,63,,,
WhorunstheworldGIRLS,5100,45816:00:00,19/5/2020 16:03,1909,1871.568627,64,,,
Twelve Kitties,5025.1,85176:00:00,19/5/2020 16:48,3549,3557.143141,61,,,
Unicorn Trail Team 1,9067.4,71616:00:00,19/5/2020 17:42,2984,1657.586519,72,,,
Straight Outta Stompton,5117.3,34992:00:00,19/5/2020 17:52,1458,1424.579368,47,,,
The Sensei Garys,5016.4,45696:00:00,18/5/2020 16:58,1904,1980.503947,46,,,
Poko Fish,5012.4,40776:00:00,19/5/2020 18:28,1699,1734.697949,41,,,
Asante sana squash banana,5014.8,50376:00:00,19/5/2020 18:28,2099,2862.52692,57,,,
Twelve Kitties,10166.9,89136:00:00,19/5/2020 19:16,3714,1833.400545,62,,,
Twelve Kitties,5127.7,40848:00:00,19/5/2020 20:34,1702,2818.027576,63,,,
Straight Outta Stompton,5000,36000:00:00,20/5/2020 5:49,1500,1500,48,,,
Twelve Kitties,5012.4,39216:00:00,20/5/2020 6:38,1634,1658.885963,64,,,
Straight Outta Stompton,5504,40320:00:00,20/5/2020 6:52,1680,1526.162791,49,,,
The Phoebe Buffay Running Club,5144.3,35928:00:00,20/5/2020 6:52,1497,1455.008456,38,,,
Twelve Kitties,5063.5,35208:00:00,20/5/2020 7:18,1467,1448.602745,65,,,
WhorunstheworldGIRLS,5364.6,42696:00:00,20/5/2020 8:03,1779,1658.091936,65,,,
The Sensei Garys,5016.4,45696:00:00,18/5/2020 16:58,1904,1980.503947,46,,,
Unicorn Trail Team 1,5062.4,37512:00:00,20/5/2020 9:31,1563,1549.66024,73,,,
WhorunstheworldGIRLS,6114.5,79848:00:00,20/5/2020 9:45,3327,2733.665876,66,,,
Unicorn Trail Team 1,9262.1,72600:00:00,20/5/2020 11:53,3025,1636.238002,74,,,
Asante sana squash banana,5016.7,47904:00:00,20/5/2020 12:31,1996,2010.285646,58,,,
WhorunstheworldGIRLS,5359.6,43320:00:00,20/5/2020 13:33,1805,1683.89432,67,,,
Twelve Kitties,10146.7,82272:00:00,20/5/2020 13:48,3428,1701.04566,66,,,
Twelve Kitties,10020.1,74832:00:00,20/5/2020 15:46,3118,1558.367681,67,,,
WhorunstheworldGIRLS,5045,71568:00:00,20/5/2020 16:15,2982,3296.333003,68,,,
Asante sana squash banana,5009.3,44376:00:00,20/5/2020 17:36,1849,1870.520831,59,,,
Poko Fish,5341.8,76584:00:00,20/5/2020 17:41,3191,3152.495414,42,,,
Poko Fish,5.34,80832:00:00,20/5/2020 17:47,3368,3153.558052,43,,,
The Sensei Garys,5052.3,41400:00:00,20/5/2020 17:55,1725,1719.019061,48,,,
The Phoebe Buffay Running Club,5.02,38136:00:00,20/5/2020 17:57,1589,1582.669323,39,,,
WhorunstheworldGIRLS,5000.9,49008:00:00,21/5/2020 6:00,2042,2047.631426,69,,,
The Phoebe Buffay Running Club,5006.5,43656:00:00,21/5/2020 6:42,1819,1850.594228,40,,,
WhorunstheworldGIRLS,5032.5,43368:00:00,21/5/2020 6:52,1807,1844.01391,70,,,
Asante sana squash banana,7887.4,54912:00:00,21/5/2020 6:57,2288,1452.950275,60,,,
Straight Outta Stompton,5002,39624:00:00,21/5/2020 7:07,1651,1688.32467,50,,,
Twelve Kitties,10026.4,81000:00:00,21/5/2020 7:16,3375,1684.552781,68,,,
Footpussys,6292.3,63744:00:00,21/5/2020 7:21,2656,2127.997711,54,,,
The Sensei Garys,5009.7,47112:00:00,21/5/2020 8:02,1963,2013.094596,49,,,
Twelve Kitties,5310.9,82320:00:00,21/5/2020 8:21,3430,3426.914459,69,,,
The Sensei Garys,5009.6,46848:00:00,21/5/2020 11:34,1952,1989.180773,50,,,
Unicorn Trail Team 1,5007.8,50352:00:00,21/5/2020 14:44,2098,2210.55154,75,,,
WhorunstheworldGIRLS,5607.3,48576:00:00,21/5/2020 15:59,2024,1849.374922,71,,,
WhorunstheworldGIRLS,5033,47904:00:00,21/5/2020 16:58,1996,2019.670177,72,,,
The Phoebe Buffay Running Club,5006.5,35424:00:00,21/5/2020 17:16,1476,1503.04604,41,,,
The Phoebe Buffay Running Club,5025.2,34296:00:00,21/5/2020 17:56,1429,1421.833957,42,,,
Unicorn Trail Team 1,5620,49560:00:00,21/5/2020 17:56,2065,1839.857651,76,,,
Twelve Kitties,5400,38880:00:00,21/5/2020 18:01,1620,1500,70,,,
Twelve Kitties,5379.5,48384:00:00,21/5/2020 18:41,2016,1873.780091,71,,,
Asante sana squash banana,5018.6,51384:00:00,22/5/2020 6:06,2141,2133.064998,61,,,
Footpussys,12123,82704:00:00,22/5/2020 7:08,3446,1499.628805,55,,,
Twelve Kitties,5049.5,42528:00:00,22/5/2020 7:18,1772,1754.629171,72,,,
Twelfth Monkey Test Team,10018.1,76320:00:00,22/5/2020 10:39,3180,1605.593875,4,,,
Poko Fish,5026.1,87408:00:00,22/5/2020 11:08,3642,3749.427986,44,,,
WhorunstheworldGIRLS,6889.6,104928:00:00,22/5/2020 11:08,4372,3238.21412,73,,,
DARIUS TEAM,10.02,77208:00:00,22/5/2020 10:35,3217,1605.289421,1,,,
WhorunstheworldGIRLS,5780.8,61656:00:00,22/5/2020 15:14,2569,2222.010794,74,,,
The Phoebe Buffay Running Club,5006.1,37344:00:00,22/5/2020 17:11,1556,1567.088152,43,,,
Unicorn Trail Team 1,5927.1,45408:00:00,22/5/2020 17:30,1892,1629.802095,77,,,
Poko Fish,5072.5,40248:00:00,22/5/2020 17:50,1677,1663.873829,45,,,
Asante sana squash banana,5015.6,46368:00:00,22/5/2020 18:34,1932,2000.757636,62,,,
Twelve Kitties,5073.5,38232:00:00,22/5/2020 19:28,1593,1569.922144,73,,,
Twelve Kitties,5050.4,31488:00:00,23/5/2020 7:35,1312,1298.907017,74,,,
Asante sana squash banana,5014.5,46008:00:00,23/5/2020 8:15,1917,1917.439426,63,,,
WhorunstheworldGIRLS,7110.3,72072:00:00,23/5/2020 9:00,3003,2115.24127,75,,,
Asante sana squash banana,5007.5,44376:00:00,23/5/2020 9:31,1849,1943.085372,64,,,
Unicorn Trail Team 1,20824,175488:00:00,23/5/2020 9:31,7312,1771.513638,78,,,
Poko Fish,5007.4,37368:00:00,23/5/2020 9:51,1557,1554.699045,46,,,
Twelfth Monkey Test Team,6022.9,45096:00:00,23/5/2020 10:13,1879,1659.499577,5,,,
WhorunstheworldGIRLS,7968.2,110448:00:00,23/5/2020 10:33,4602,2978.087899,76,,,
Unicorn Trail Team 1,5365.5,40224:00:00,23/5/2020 10:43,1676,1746.342373,79,,,
Twelve Kitties,5033.6,34656:00:00,23/5/2020 11:02,1444,1458.20089,75,,,
Twelve Kitties,5017.4,48672:00:00,23/5/2020 11:44,2028,2030.932355,76,,,
Poko Fish,5230.3,77952:00:00,23/5/2020 12:21,3248,3340.152573,47,,,
WhorunstheworldGIRLS,5008.8,44232:00:00,23/5/2020 12:36,1843,1864.718096,77,,,
Unicorn Trail Team 1,5123,40632:00:00,23/5/2020 13:29,1693,1707.007613,80,,,
Twelve Kitties,5000,40320:00:00,23/5/2020 14:50,1680,1680,77,,,
WhorunstheworldGIRLS,5190.1,76416:00:00,23/5/2020 16:41,3184,3194.543458,78,,,
Twelve Kitties,5095.1,86112:00:00,23/5/2020 17:11,3588,4071.558949,78,,,
WhorunstheworldGIRLS,5797.8,49560:00:00,23/5/2020 17:47,2065,1791.196661,79,,,
WhorunstheworldGIRLS,5100,46392:00:00,23/5/2020 18:52,1933,1895.098039,80,,,
Asante sana squash banana,5094.7,41256:00:00,23/5/2020 19:16,1719,1723.35957,65,,,
The Phoebe Buffay Running Club,5080.2,36384:00:00,23/5/2020 20:41,1516,1492.067241,44,,,
Asante sana squash banana,5019.5,50904:00:00,24/5/2020 9:24,2121,2133.678653,66,,,
The Phoebe Buffay Running Club,5411.1,43296:00:00,24/5/2020 10:04,1804,1666.943875,45,,,
Asante sana squash banana,5005.5,47856:00:00,24/5/2020 10:50,1994,2033.762861,67,,,
Asante sana squash banana,5023.2,44352:00:00,24/5/2020 12:17,1848,1845.437172,68,,,
WhorunstheworldGIRLS,10169.4,103344:00:00,24/5/2020 12:43,4306,2219.894979,81,,,
Unicorn Trail Team 1,5326.3,128376:00:00,24/5/2020 12:48,5349,6792.707884,81,,,
The Phoebe Buffay Running Club,5041.8,76656:00:00,24/5/2020 13:36,3194,3448.173271,46,,,
Twelve Kitties,6103.7,98880:00:00,24/5/2020 13:46,4120,3676.458542,79,,,
Poko Fish,5258.6,93576:00:00,24/5/2020 15:00,3899,3998.212452,48,,,
Unicorn Trail Team 1,7207.3,62928:00:00,24/5/2020 15:37,2622,1840.495054,82,,,
Asante sana squash banana,5610.5,48456:00:00,24/5/2020 16:12,2019,1921.39738,69,,,
WhorunstheworldGIRLS,5499.5,73704:00:00,24/5/2020 16:58,3071,2792.072007,82,,,
Twelve Kitties,7190.5,117552:00:00,24/5/2020 17:14,4898,3405.882762,80,,,
Asante sana squash banana,13333.7,109032:00:00,24/5/2020 18:18,4543,1764.326481,70,,,
Asante sana squash banana,5055.7,52608:00:00,25/5/2020 5:53,2192,2200.48658,71,,,
WhorunstheworldGIRLS,5165.1,43224:00:00,25/5/2020 7:07,1801,1745.36795,83,,,
Footpussys,6838.5,87480:00:00,25/5/2020 7:07,3645,2690.648534,56,,,
Twelve Kitties,5021.4,39984:00:00,25/5/2020 7:53,1666,1658.899908,81,,,
WhorunstheworldGIRLS,5222,77808:00:00,25/5/2020 9:41,3242,3236.307928,84,,,
Unicorn Trail Team 1,5068.7,33480:00:00,25/5/2020 13:00,1395,1381.02472,83,,,
Poko Fish,5134.2,45144:00:00,25/5/2020 17:44,1881,1875.657357,49,,,
WhorunstheworldGIRLS,5004.5,35592:00:00,25/5/2020 17:44,1483,1481.6665,85,,,
Asante sana squash banana,5006.7,44904:00:00,25/5/2020 18:04,1871,1910.44001,72,,,
The Phoebe Buffay Running Club,5149.7,41568:00:00,25/5/2020 18:14,1732,1681.651358,47,,,
Twelve Kitties,5051.8,38640:00:00,25/5/2020 18:35,1610,1668.712142,82,,,
Asante sana squash banana,5082.7,46464:00:00,25/5/2020 18:45,1936,1913.353139,73,,,
Twelve Kitties,8274.8,50496:00:00,25/5/2020 19:24,2104,1285.831682,83,,,
Asante sana squash banana,5030.9,44112:00:00,25/5/2020 19:39,1838,1844.60037,74,,,
Twelve Kitties,5094.1,33624:00:00,25/5/2020 20:28,1401,1388.861624,84,,,
Twelve Kitties,5403.1,39864:00:00,26/5/2020 5:49,1661,1537.080565,85,,,
WhorunstheworldGIRLS,5041.1,41856:00:00,26/5/2020 6:29,1744,1764.495844,86,,,
Unicorn Trail Team 1,8126.3,66384:00:00,26/5/2020 9:38,2766,1725.877706,84,,,
WhorunstheworldGIRLS,7041.8,63576:00:00,26/5/2020 9:38,2649,1880.911131,87,,,
WhorunstheworldGIRLS,5300,50832:00:00,26/5/2020 11:12,2118,1998.113208,88,,,
Twelve Kitties,10026.3,75744:00:00,26/5/2020 13:24,3156,1628.716476,86,,,
WhorunstheworldGIRLS,5656.4,45288:00:00,26/5/2020 17:54,1887,1668.022064,89,,,
Asante sana squash banana,5040,41040:00:00,26/5/2020 20:00,1710,1696.428571,75,,,
Twelve Kitties,5019.3,76944:00:00,26/5/2020 20:16,3206,3211.603212,87,,,
Asante sana squash banana,5039.3,49992:00:00,27/5/2020 5:56,2083,2066.755303,76,,,
The Phoebe Buffay Running Club,5008.3,40104:00:00,27/5/2020 8:24,1671,1679.212507,48,,,
Asante sana squash banana,6009.7,53424:00:00,27/5/2020 9:23,2226,1860.325807,77,,,
WhorunstheworldGIRLS,5358.2,96384:00:00,27/5/2020 10:22,4016,3747.527155,90,,,
Twelve Kitties,5220.7,32352:00:00,27/5/2020 11:25,1348,1366.674967,88,,,
Asante sana squash banana,5043.1,43656:00:00,27/5/2020 12:42,1819,1936.309016,78,,,
The Phoebe Buffay Running Club,5011.3,33312:00:00,27/5/2020 12:46,1388,1384.870193,49,,,
Twelve Kitties,5019,42024:00:00,27/5/2020 13:38,1751,1746.363817,89,,,
Twelve Kitties,5037.3,39120:00:00,27/5/2020 15:27,1630,1629.841383,90,,,
Asante sana squash banana,5020,45504:00:00,27/5/2020 16:53,1896,1934.262948,79,,,
WhorunstheworldGIRLS,5252.7,43248:00:00,27/5/2020 17:39,1802,1720.067775,91,,,
Poko Fish,5002.5,40992:00:00,27/5/2020 17:50,1708,1711.144428,50,,,
Asante sana squash banana,5111.2,41592:00:00,27/5/2020 18:15,1733,1695.296604,80,,,
WhorunstheworldGIRLS,5050,45168:00:00,27/5/2020 18:44,1882,1863.366337,92,,,
Twelve Kitties,5030.9,38640:00:00,27/5/2020 19:23,1610,2303.762746,91,,,
WhorunstheworldGIRLS,5024.9,35952:00:00,28/5/2020 5:34,1498,1490.576927,93,,,
WhorunstheworldGIRLS,5622.3,48840:00:00,28/5/2020 6:45,2035,1832.879782,94,,,
Twelve Kitties,5056.6,37176:00:00,28/5/2020 8:09,1549,1534.628011,92,,,
WhorunstheworldGIRLS,7076.3,66672:00:00,28/5/2020 9:46,2778,1995.393073,95,,,
Twelve Kitties,5030.7,38400:00:00,28/5/2020 15:00,1600,1599.181028,93,,,
Asante sana squash banana,5022.4,52200:00:00,28/5/2020 16:15,2175,2205.121058,81,,,
Twelve Kitties,5661.6,39624:00:00,28/5/2020 17:32,1651,1475.731242,94,,,
The Phoebe Buffay Running Club,5628.4,44160:00:00,28/5/2020 18:21,1840,1634.56755,50,,,
Asante sana squash banana,5009.7,44088:00:00,28/5/2020 18:26,1837,1848.414077,82,,,
Asante sana squash banana,5120,45552:00:00,28/5/2020 19:02,1898,1859.375,83,,,
Twelve Kitties,5027.2,59784:00:00,28/5/2020 19:17,2491,2523.273393,95,,,
Asante sana squash banana,5016.4,45216:00:00,28/5/2020 19:58,1884,1890.798182,84,,,
Unicorn Trail Team 1,10604,95160:00:00,28/5/2020 20:43,3965,1917.201056,85,,,
Twelve Kitties,5135.2,82992:00:00,28/5/2020 20:48,3458,3678.532482,96,,,
Asante sana squash banana,6156.9,46536:00:00,29/5/2020 6:50,1939,1574.656077,85,,,
Twelve Kitties,10260.5,90888:00:00,29/5/2020 7:16,3787,1926.31938,97,,,
Twelve Kitties,15016.3,145584:00:00,29/5/2020 9:21,6066,2155.657519,98,,,
Unicorn Trail Team 1,5147.5,41832:00:00,29/5/2020 16:25,1743,1712.481787,86,,,
Unicorn Trail Team 1,5045,35256:00:00,29/5/2020 17:04,1469,1455.896928,87,,,
Unicorn Trail Team 1,5012.4,34272:00:00,29/5/2020 17:49,1428,1472.348576,88,,,
WhorunstheworldGIRLS,5475.6,79200:00:00,29/5/2020 17:49,3300,3043.502082,95,,,
Unicorn Trail Team 1,5026,40416:00:00,29/5/2020 18:41,1684,1681.257461,89,,,
Twelve Kitties,5031.6,30888:00:00,29/5/2020 20:46,1287,1278.917243,99,,,
Unicorn Trail Team 1,5544.2,40152:00:00,30/5/2020 8:18,1673,1522.311605,90,,,
Twelve Kitties,5008,43296:00:00,30/5/2020 8:52,1804,1822.084665,100,,,
WhorunstheworldGIRLS,5015.2,40872:00:00,30/5/2020 10:32,1703,1708.805232,96,,,
Twelve Kitties,11175.7,73008:00:00,30/5/2020 11:36,3042,1377.989746,101,,,
WhorunstheworldGIRLS,5036.6,46536:00:00,30/5/2020 11:50,1939,2119.485367,97,,,
Unicorn Trail Team 1,5584.5,42648:00:00,30/5/2020 14:21,1777,1591.010834,91,,,
WhorunstheworldGIRLS,5006.4,81840:00:00,30/5/2020 14:26,3410,3661.313519,98,,,
Twelve Kitties,6044.3,51552:00:00,30/5/2020 14:41,2148,1896.828417,102,,,
MMI Adventure Racing,9033.1,236424:00:00,30/5/2020 15:23,9851,5740.554184,51,,,
Twelve Kitties,5290.8,87576:00:00,30/5/2020 17:19,3649,3478.679973,103,,,
MMI Adventure Racing,10000,64800:00:00,30/5/2020 17:19,2700,1350,52,,,
Twelve Kitties,5125.1,52008:00:00,31/5/2020 8:41,2167,2327.759458,104,,,
WhorunstheworldGIRLS,5035.6,41184:00:00,31/5/2020 9:19,1716,1747.557391,99,,,
Unicorn Trail Team 1,5098.2,38400:00:00,31/5/2020 12:33,1600,1573.104233,92,,,
Unicorn Trail Team 1,40240.3,418272:00:00,31/5/2020 12:49,17428,2236.688096,93,,,
WhorunstheworldGIRLS,22638,271344:00:00,31/5/2020 13:10,11306,2718.438025,100,,,
WhorunstheworldGIRLS,5416.3,49656:00:00,31/5/2020 15:00,2069,1935.823348,101,,,
Twelve Kitties,8014,123792:00:00,31/5/2020 15:35,5158,3666.708261,105,,,
Twelve Kitties,5014.3,28800:00:00,1/6/2020 0:38,1200,1196.577788,106,,,
Twelve Kitties,5107,45768:00:00,1/6/2020 1:56,1907,1867.045232,107,,,